"store_type","num_orders","sales","sales_percentage"
"Mall Kiosk","13128",705645.8999999899,10.923087036228292
"Local","78319",4200344.269999866,65.01947512673422
"Super Store","19263",1045045.1899999839,16.176838223196253
"Outlet","9201",508029.4100000015,7.8640710055763146
"Web Portal","43",1067.7700000000002,0.016528608250503053
