"month","year","revenue"
"8","2022",66036.31999999995
"10","2022",65003.31999999998
"7","2022",64503.25
"12","2022",63532.190000000024
"9","2022",62941.22000000008
"1","2022",59054.27000000014
"6","2022",58902.49000000006
"5","2022",58131.16000000002
"11","2022",56020.56000000007
"3","2022",55564.449999999975
"4","2022",51306.50000000004
"2","2022",48212.82999999999
