"revenue","store_type"
156523.01000000047,"Local"
43536.780000000006,"Super Store"
22305.279999999988,"Mall Kiosk"
16346.609999999986,"Outlet"
